{"ContentRoots":["C:\\Users\\karim.deraz\\source\\repos\\Microsoft-Teams-Samples\\samples\\bot-calling-meeting\\csharp\\Source\\CallingBotSample\\wwwroot\\"],"Root":{"Children":{"audio":{"Children":{"please-record-your-message.wav":{"Children":null,"Asset":{"ContentRootIndex":0,"SubPath":"audio/please-record-your-message.wav"},"Patterns":null},"speech.wav":{"Children":null,"Asset":{"ContentRootIndex":0,"SubPath":"audio/speech.wav"},"Patterns":null}},"Asset":null,"Patterns":null},"default.htm":{"Children":null,"Asset":{"ContentRootIndex":0,"SubPath":"default.htm"},"Patterns":null}},"Asset":null,"Patterns":[{"ContentRootIndex":0,"Pattern":"**","Depth":0}]}}